[{"created":"7/23/2016 12:05 AM","enabled":0,"icon":"thumb_up","id":"6dc2a966-f278-42f3-917a-e42b316c22ef","modified":"7/23/2016 12:05 AM","title":"Workflows Manager","user":"Carl Davidson"},{"created":"8/23/2016 12:07 AM","enabled":0,"icon":"autorenew","id":"42c3677f-2b93-4ffd-bf51-e161aacc7c56","modified":"8/23/2016 12:07 AM","title":"Workflows Availability","user":"Elizabeth Guerrero"},{"created":"8/23/2016 12:07 AM","enabled":0,"icon":"message","id":"8387b4a2-15a1-431f-a62b-4095dc2590f2","modified":"8/23/2016 12:07 AM","title":"Server Monitor","user":"Danielle Guerrero"},{"created":"8/23/2016 12:09 AM","enabled":0,"icon":"autorenew","id":"d049060d-3fcc-4405-a2e0-bb2f8ee457be","modified":"8/23/2016 12:09 AM","title":"Services Status","user":"Carl Burke"},{"created":"8/17/2016 12:05 AM","enabled":1,"icon":"thumb_up","id":"5faef1c0-f198-4d72-b22a-f27adb5e35e3","modified":"8/17/2016 12:05 AM","title":"Ingest Monitor","user":"Edward Stephens"},{"created":"8/17/2016 12:05 AM","enabled":0,"icon":"account_circle","id":"e10713b5-6679-464f-8dc2-b3cbc5aca57e","modified":"8/17/2016 12:05 AM","title":"Orchestration Monitor","user":"Beverly Guerrero"},{"created":"7/23/2016 12:05 AM","enabled":0,"icon":"message","id":"5d9968d6-082e-4857-bce0-249bc3ef4b3f","modified":"7/23/2016 12:05 AM","title":"Availability Manager","user":"Elizabeth Stephens"},{"created":"8/23/2016 12:09 AM","enabled":0,"icon":"account_balance_wallet","id":"e255297e-1d45-4890-8dd3-be7a2880b7d2","modified":"8/23/2016 12:09 AM","title":"Server Availability","user":"Aaron Obrien"},{"created":"7/23/2016 12:05 AM","enabled":0,"icon":"autorenew","id":"8387b4a2-15a1-431f-a62b-4095dc2590f2","modified":"7/23/2016 12:05 AM","title":"Alerts Availability","user":"Elizabeth Payne"},{"created":"7/23/2016 12:05 AM","enabled":1,"icon":"message","id":"0f0d7ad0-fac8-45f5-bc8f-c46532e5058f","modified":"7/23/2016 12:05 AM","title":"Orchestration Status","user":"Carl Hopkins"},{"created":"7/23/2016 12:05 AM","enabled":0,"icon":"account_circle","id":"67b456d2-6a28-4738-8b79-3b0dcb8e766b","modified":"7/23/2016 12:05 AM","title":"Movement Availability","user":"Danielle Park"},{"created":"8/23/2016 12:09 AM","enabled":0,"icon":"thumb_up","id":"c4a4aad5-9957-438f-af00-bcacc693fa3b","modified":"8/23/2016 12:09 AM","title":"Orchestration Status","user":"Alice Guerrero"}]