[
  {
    "display_name" : "Suzy Cuningham",
    "id" : "suzy.cuningham",
    "email" : "suzy.cuningham@gmail.com",
    "created" : "10/01/2015 11:05 AM",
    "last_access" : "12/23/2015 11:05 AM",
    "site_admin": true
  },
  {
    "display_name" : "Bobby Daniels",
    "id" : "bobbyD",
    "email" : "bobbyD@outlook.com",
    "created" : "10/01/2015 11:05 AM",
    "last_access" : "12/23/2015 11:05 AM",
    "site_admin": false
  },
  {
    "display_name" : "John Walker",
    "id" : "johnnyWalker",
    "email" : "johnnyWalker@blue.com",
    "created" : "10/01/2015 11:05 AM",
    "last_access" : "12/23/2015 11:05 AM",
    "site_admin": false
  },
  {
     "display_name" : "Eddy Stevens",
     "id" : "eStevens",
     "email" : "eStevens@yahoo.com",
     "created" : "10/01/2015 11:05 AM",
     "last_access" : "12/23/2015 11:05 AM",
     "site_admin": false
  },
  {
     "display_name" : "Jan Williams",
     "id" : "jDubz",
     "email" : "jDubz@msn.com",
     "created" : "10/01/2015 11:05 AM",
     "last_access" : "12/23/2015 11:05 AM",
     "site_admin": false
  }
]
